,epsilon,void,int,$,{,break,;,if,while,return,ID,+,-,(,NUM,},[,",",),else,],=,*,==,<
Program,['DeclarationList'],['DeclarationList'],['DeclarationList'],['epsilon'],,,,,,,,,,,,,,,,,,,,,
DeclarationList,['epsilon'],"['Declaration', 'DeclarationList']","['Declaration', 'DeclarationList']",['epsilon'],['epsilon'],['epsilon'],['epsilon'],['epsilon'],['epsilon'],['epsilon'],['epsilon'],['epsilon'],['epsilon'],['epsilon'],['epsilon'],['epsilon'],,,,,,,,,
ParamList,['epsilon'],,,,,,,,,,,,,,,,,"[',', 'Param', 'ParamList']",['epsilon'],,,,,,
ParamPrime,['epsilon'],,,,,,,,,,,,,,,,"['[', ']']",['epsilon'],['epsilon'],,,,,,
StatementList,['epsilon'],,,,"['Statement', 'StatementList']","['Statement', 'StatementList']","['Statement', 'StatementList']","['Statement', 'StatementList']","['Statement', 'StatementList']","['Statement', 'StatementList']","['Statement', 'StatementList']","['Statement', 'StatementList']","['Statement', 'StatementList']","['Statement', 'StatementList']","['Statement', 'StatementList']",['epsilon'],,,,,,,,,
B,['SimpleExpressionPrime'],,,,,,['epsilon'],,,,,['SimpleExpressionPrime'],['SimpleExpressionPrime'],['SimpleExpressionPrime'],,,"['[', 'Expression', ']', 'H']",['epsilon'],['epsilon'],,['epsilon'],"['=', 'Expression']",['SimpleExpressionPrime'],['SimpleExpressionPrime'],['SimpleExpressionPrime']
H,"['G', 'D', 'C']",,,,,,['epsilon'],,,,,"['G', 'D', 'C']","['G', 'D', 'C']",,,,,['epsilon'],['epsilon'],,['epsilon'],"['=', 'Expression']","['G', 'D', 'C']","['G', 'D', 'C']","['G', 'D', 'C']"
SimpleExpressionPrime,"['AdditiveExpressionPrime', 'C']",,,,,,['epsilon'],,,,,"['AdditiveExpressionPrime', 'C']","['AdditiveExpressionPrime', 'C']","['AdditiveExpressionPrime', 'C']",,,,['epsilon'],['epsilon'],,['epsilon'],,"['AdditiveExpressionPrime', 'C']","['AdditiveExpressionPrime', 'C']","['AdditiveExpressionPrime', 'C']"
C,['epsilon'],,,,,,['epsilon'],,,,,,,,,,,['epsilon'],['epsilon'],,['epsilon'],,,"['Relop', 'AdditiveExpression']","['Relop', 'AdditiveExpression']"
AdditiveExpressionPrime,"['TermPrime', 'D']",,,,,,['epsilon'],,,,,"['TermPrime', 'D']","['TermPrime', 'D']","['TermPrime', 'D']",,,,['epsilon'],['epsilon'],,['epsilon'],,"['TermPrime', 'D']",['epsilon'],['epsilon']
D,['epsilon'],,,,,,['epsilon'],,,,,"['Addop', 'Term', 'D']","['Addop', 'Term', 'D']",,,,,['epsilon'],['epsilon'],,['epsilon'],,,['epsilon'],['epsilon']
TermPrime,"['SignedFactorPrime', 'G']",,,,,,['epsilon'],,,,,['epsilon'],['epsilon'],"['SignedFactorPrime', 'G']",,,,['epsilon'],['epsilon'],,['epsilon'],,"['SignedFactorPrime', 'G']",['epsilon'],['epsilon']
G,['epsilon'],,,,,,['epsilon'],,,,,['epsilon'],['epsilon'],,,,,['epsilon'],['epsilon'],,['epsilon'],,"['*', 'Factor', 'G']",['epsilon'],['epsilon']
VarCallPrime,['VarPrime'],,,,,,['epsilon'],,,,,['epsilon'],['epsilon'],"['(', 'Args', ')']",,,['VarPrime'],['epsilon'],['epsilon'],,['epsilon'],,['epsilon'],['epsilon'],['epsilon']
VarPrime,['epsilon'],,,,,,['epsilon'],,,,,['epsilon'],['epsilon'],,,,"['[', 'Expression', ']']",['epsilon'],['epsilon'],,['epsilon'],,['epsilon'],['epsilon'],['epsilon']
Args,['epsilon'],,,,,,,,,,['ArgList'],['ArgList'],['ArgList'],['ArgList'],['ArgList'],,,,['epsilon'],,,,,,
ArgListPrime,['epsilon'],,,,,,,,,,,,,,,,,"[',', 'Expression', 'ArgListPrime']",['epsilon'],,,,,,
SignedFactorPrime,['FactorPrime'],,,,,,['epsilon'],,,,,['epsilon'],['epsilon'],['FactorPrime'],,,,['epsilon'],['epsilon'],,['epsilon'],,['epsilon'],['epsilon'],['epsilon']
FactorPrime,['epsilon'],,,,,,['epsilon'],,,,,['epsilon'],['epsilon'],"['(', 'Args', ')']",,,,['epsilon'],['epsilon'],,['epsilon'],,['epsilon'],['epsilon'],['epsilon']
Declaration,,"['DeclarationInitial', 'DeclarationPrime']","['DeclarationInitial', 'DeclarationPrime']",synch,synch,synch,synch,synch,synch,synch,synch,synch,synch,synch,synch,synch,,,,,,,,,
DeclarationInitial,,"['TypeSpecifier', 'ID']","['TypeSpecifier', 'ID']",,,,synch,,,,,,,synch,,,synch,synch,synch,,,,,,
DeclarationPrime,,synch,synch,synch,synch,synch,['VarDeclarationPrime'],synch,synch,synch,synch,synch,synch,['FunDeclarationPrime'],synch,synch,['VarDeclarationPrime'],,,,,,,,
VarDeclarationPrime,,synch,synch,synch,synch,synch,[';'],synch,synch,synch,synch,synch,synch,synch,synch,synch,"['[', 'NUM', ']', ';']",,,,,,,,
FunDeclarationPrime,,synch,synch,synch,synch,synch,synch,synch,synch,synch,synch,synch,synch,"['(', 'Params', ')', 'CompoundStmt']",synch,synch,,,,,,,,,
TypeSpecifier,,['void'],['int'],,,,,,,,synch,,,,,,,,,,,,,,
Params,,['void'],"['int', 'ID', 'ParamPrime', 'ParamList']",,,,,,,,,,,,,,,,synch,,,,,,
Param,,"['DeclarationInitial', 'ParamPrime']","['DeclarationInitial', 'ParamPrime']",,,,,,,,,,,,,,,synch,synch,,,,,,
CompoundStmt,,synch,synch,synch,"['{', 'DeclarationList', 'StatementList', '}']",synch,synch,synch,synch,synch,synch,synch,synch,synch,synch,synch,,,,synch,,,,,
Statement,,,,,['CompoundStmt'],['ExpressionStmt'],['ExpressionStmt'],['SelectionStmt'],['IterationStmt'],['ReturnStmt'],['ExpressionStmt'],['ExpressionStmt'],['ExpressionStmt'],['ExpressionStmt'],['ExpressionStmt'],synch,,,,synch,,,,,
ExpressionStmt,,,,,synch,"['break', ';']",[';'],synch,synch,synch,"['Expression', ';']","['Expression', ';']","['Expression', ';']","['Expression', ';']","['Expression', ';']",synch,,,,synch,,,,,
SelectionStmt,,,,,synch,synch,synch,"['if', '(', 'Expression', ')', 'Statement', 'else', 'Statement']",synch,synch,synch,synch,synch,synch,synch,synch,,,,synch,,,,,
IterationStmt,,,,,synch,synch,synch,synch,"['while', '(', 'Expression', ')', 'Statement']",synch,synch,synch,synch,synch,synch,synch,,,,synch,,,,,
ReturnStmt,,,,,synch,synch,synch,synch,synch,"['return', 'ReturnStmtPrime']",synch,synch,synch,synch,synch,synch,,,,synch,,,,,
ReturnStmtPrime,,,,,synch,synch,[';'],synch,synch,synch,"['Expression', ';']","['Expression', ';']","['Expression', ';']","['Expression', ';']","['Expression', ';']",synch,,,,synch,,,,,
Expression,,,,,,,synch,,,,"['ID', 'B']",['SimpleExpressionZegond'],['SimpleExpressionZegond'],['SimpleExpressionZegond'],['SimpleExpressionZegond'],,,synch,synch,,synch,,,,
SimpleExpressionZegond,,,,,,,synch,,,,,"['AdditiveExpressionZegond', 'C']","['AdditiveExpressionZegond', 'C']","['AdditiveExpressionZegond', 'C']","['AdditiveExpressionZegond', 'C']",,,synch,synch,,synch,,,,
AdditiveExpression,,,,,,,synch,,,,"['Term', 'D']","['Term', 'D']","['Term', 'D']","['Term', 'D']","['Term', 'D']",,,synch,synch,,synch,,,,
AdditiveExpressionZegond,,,,,,,synch,,,,,"['TermZegond', 'D']","['TermZegond', 'D']","['TermZegond', 'D']","['TermZegond', 'D']",,,synch,synch,,synch,,,synch,synch
Term,,,,,,,synch,,,,"['SignedFactor', 'G']","['SignedFactor', 'G']","['SignedFactor', 'G']","['SignedFactor', 'G']","['SignedFactor', 'G']",,,synch,synch,,synch,,,synch,synch
TermZegond,,,,,,,synch,,,,,"['SignedFactorZegond', 'G']","['SignedFactorZegond', 'G']","['SignedFactorZegond', 'G']","['SignedFactorZegond', 'G']",,,synch,synch,,synch,,,synch,synch
Factor,,,,,,,synch,,,,"['ID', 'VarCallPrime']",synch,synch,"['(', 'Expression', ')']",['NUM'],,,synch,synch,,synch,,synch,synch,synch
FactorZegond,,,,,,,synch,,,,,synch,synch,"['(', 'Expression', ')']",['NUM'],,,synch,synch,,synch,,synch,synch,synch
SignedFactor,,,,,,,synch,,,,['Factor'],"['+', 'Factor']","['-', 'Factor']",['Factor'],['Factor'],,,synch,synch,,synch,,synch,synch,synch
SignedFactorZegond,,,,,,,synch,,,,,"['+', 'Factor']","['-', 'Factor']",['FactorZegond'],['FactorZegond'],,,synch,synch,,synch,,synch,synch,synch
Relop,,,,,,,,,,,synch,synch,synch,synch,synch,,,,,,,,,['=='],['<']
Addop,,,,,,,,,,,synch,['+'],['-'],synch,synch,,,,,,,,,,
ArgList,,,,,,,,,,,"['Expression', 'ArgListPrime']","['Expression', 'ArgListPrime']","['Expression', 'ArgListPrime']","['Expression', 'ArgListPrime']","['Expression', 'ArgListPrime']",,,,synch,,,,,,
